Kunnat, Akaa, Akaassa
Kunnat, Alajärvi, Alajärvellä
Kunnat, Alavieska, Alavieskassa
Kunnat, Alavus, Alavudella, Alavutta  
Kunnat, Asikkala, Asikkalassa
Kunnat, Askola, Askolassa
Kunnat, Aura, Aurassa
Kunnat, Brändö, Brändössä, Brändöhön
Kunnat, Eckerö, Eckerössä, Eckeröhön
Kunnat, Enonkoski, Enonkoskella
Kunnat, Enontekiö, Enontekiöllä
Kunnat, Espoo, Espoossa, Espooseen
Kunnat, Eura, Eurassa
Kunnat, Eurajoki, Eurajoella
Kunnat, Evijärvi, Evijärvellä
Kunnat, Finström, Finströmissä
Kunnat, Forssa, Forssassa
Kunnat, Föglö, Föglössä, Föglöhön
Kunnat, Geta, Getassa
Kunnat, Haapajärvi, Haapajärvellä
Kunnat, Haapavesi, Haapavedellä
Kunnat, Hailuoto, Hailuodossa
Kunnat, Halsua, Halsualla
Kunnat, Hamina, Haminassa
Kunnat, Hammarland, Hammarlandissa
Kunnat, Hankasalmi, Hankasalmella
Kunnat, Hanko, Hangossa
Kunnat, Harjavalta, Harjavallassa
Kunnat, Hartola, Hartolassa
Kunnat, Hattula, Hattulassa
Kunnat, Hausjärvi, Hausjärvellä
Kunnat, Heinola, Heinolassa
Kunnat, Heinävesi, Heinävedellä
Kunnat, Helsinki, Helsingissä
Kunnat, Hirvensalmi, Hirvensalmella, Hirvensalmessa
Kunnat, Hollola, Hollolassa
Kunnat, Honkajoki, Honkajoella
Kunnat, Huittinen, Huittisissa
Kunnat, Humppila, Humppilassa
Kunnat, Hyrynsalmi, Hyrynsalmella
Kunnat, Hyvinkää, Hyvinkäällä
Kunnat, Hämeenkyrö, Hämeenkyrössä
Kunnat, Hämeenlinna, Hämeenlinnassa
Kunnat, Ii, Iissä
Kunnat, Iisalmi, Iisalmessa
Kunnat, Iitti, Iitissä
Kunnat, Ikaalinen, Ikaalisissa
Kunnat, Ilmajoki, Ilmajoella
Kunnat, Ilomantsi, Ilomantsissa
Kunnat, Imatra, Imatralla
Kunnat, Inari, Inarissa
Kunnat, Inkoo, Inkoossa, Inkooseen
Kunnat, Isojoki, Isollajoella, Isojoella
Kunnat, Isokyrö, Isossakyrössä
Kunnat, Janakkala, Janakkalassa
Kunnat, Joensuu, Joensuussa
Kunnat, Jokioinen, Jokioisissa, Jokioisilla
Kunnat, Jomala, Jomalassa
Kunnat, Joroinen, Joroisissa
Kunnat, Joutsa, Joutsassa
Kunnat, Juuka, Juuassa, Juukaan, Juuan  
Kunnat, Juupajoki, Juupajoella
Kunnat, Juva, Juvalla
Kunnat, Jyväskylä, Jyväskylässä
Kunnat, Jämijärvi, Jämijärvellä
Kunnat, Jämsä, Jämsässä
Kunnat, Järvenpää, Järvenpäässä
Kunnat, Kaarina, Kaarinassa
Kunnat, Kaavi, Kaavilla
Kunnat, Kajaani, Kajaanissa
Kunnat, Kalajoki, Kalajoella
Kunnat, Kangasala, Kangasalla, Kangasalta, Kangasalle, Kangasalan  
Kunnat, Kangasniemi, Kangasniemessä, Kangasniemellä
Kunnat, Kankaanpää, Kankaanpäässä
Kunnat, Kannonkoski, Kannonkoskella
Kunnat, Kannus, Kannuksessa
Kunnat, Karijoki, Karijoella
Kunnat, Karkkila, Karkkilassa
Kunnat, Karstula, Karstulassa
Kunnat, Karvia, Karviassa
Kunnat, Kaskinen, Kaskisissa, Kaskisessa
Kunnat, Kauhajoki, Kauhajoella
Kunnat, Kauhava, Kauhavalla
Kunnat, Kauniainen, Kauniaisissa
Kunnat, Kaustinen, Kaustisella
Kunnat, Keitele, Keiteleellä
Kunnat, Kemi, Kemissä
Kunnat, Kemijärvi, Kemijärvellä
Kunnat, Keminmaa, Keminmaassa
Kunnat, Kemiönsaari, Kemiönsaaressa
Kunnat, Kempele, Kempeleessä
Kunnat, Kerava, Keravalla
Kunnat, Keuruu, Keuruulla, Keuruuta  , Keurutta  
Kunnat, Kihniö, Kihniössä, Kihniöllä
Kunnat, Kinnula, Kinnulassa
Kunnat, Kirkkonummi, Kirkkonummella
Kunnat, Kitee, Kiteellä
Kunnat, Kittilä, Kittilässä
Kunnat, Kiuruvesi, Kiuruvedellä
Kunnat, Kivijärvi, Kivijärvellä
Kunnat, Kokemäki, Kokemäellä
Kunnat, Kokkola, Kokkolassa
Kunnat, Kolari, Kolarissa
Kunnat, Konnevesi, Konnevedellä
Kunnat, Kontiolahti, Kontiolahdessa, Kontiolahdella
Kunnat, Korsnäs, Korsnäsissä
Kunnat, Koski Tl., Koskella
Kunnat, Kotka, Kotkassa
Kunnat, Kouvola, Kouvolassa
Kunnat, Kristiinankaupunki, Kristiinankaupungissa
Kunnat, Kruunupyy, Kruunupyyssä, Kruunupyyhyn
Kunnat, Kuhmo, Kuhmossa
Kunnat, Kuhmoinen, Kuhmoisissa
Kunnat, Kumlinge, Kumlingessa
Kunnat, Kuopio, Kuopiossa
Kunnat, Kuortane, Kuortaneella
Kunnat, Kurikka, Kurikassa
Kunnat, Kustavi, Kustavissa
Kunnat, Kuusamo, Kuusamossa
Kunnat, Kyyjärvi, Kyyjärvellä
Kunnat, Kärkölä, Kärkölässä
Kunnat, Kärsämäki, Kärsämäellä, Kärsämäessä
Kunnat, Kökar, Kökarissa
Kunnat, Lahti, Lahdessa
Kunnat, Laihia, Laihialla
Kunnat, Laitila, Laitilassa
Kunnat, Lapinjärvi, Lapinjärvellä
Kunnat, Lapinlahti, Lapinlahdella
Kunnat, Lappajärvi, Lappajärvellä
Kunnat, Lappeenranta, Lappeenrannassa
Kunnat, Lapua, Lapualla
Kunnat, Laukaa, Laukaassa
Kunnat, Lemi, Lemillä
Kunnat, Lemland, Lemlandissa
Kunnat, Lempäälä, Lempäälässä
Kunnat, Leppävirta, Leppävirralla, Leppävirroilla
Kunnat, Lestijärvi, Lestijärvellä
Kunnat, Lieksa, Lieksassa
Kunnat, Lieto, Liedossa
Kunnat, Liminka, Limingassa
Kunnat, Liperi, Liperissä
Kunnat, Lohja, Lohjalla
Kunnat, Loimaa, Loimaalla
Kunnat, Loppi, Lopella
Kunnat, Loviisa, Loviisassa
Kunnat, Luhanka, Luhangassa
Kunnat, Lumijoki, Lumijoella
Kunnat, Lumparland, Lumparlandissa
Kunnat, Luoto, Luodossa
Kunnat, Luumäki, Luumäellä
Kunnat, Maalahti, Maalahdessa
Kunnat, Maarianhamina, Maarianhaminassa
Kunnat, Marttila, Marttilassa
Kunnat, Masku, Maskussa
Kunnat, Merijärvi, Merijärvellä
Kunnat, Merikarvia, Merikarvialla
Kunnat, Miehikkälä, Miehikkälässä
Kunnat, Mikkeli, Mikkelissä
Kunnat, Muhos, Muhoksella
Kunnat, Multia, Multialla
Kunnat, Muonio, Muoniossa
Kunnat, Mustasaari, Mustasaaressa
Kunnat, Muurame, Muuramessa, Muuramea  
Kunnat, Mynämäki, Mynämäessä, Mynämäellä
Kunnat, Myrskylä, Myrskylässä
Kunnat, Mäntsälä, Mäntsälässä
Kunnat, Mänttä-Vilppula, Mänttä-Vilppulassa
Kunnat, Mäntyharju, Mäntyharjussa, Mäntyharjulla
Kunnat, Naantali, Naantalissa
Kunnat, Nakkila, Nakkilassa
Kunnat, Nivala, Nivalassa
Kunnat, Nokia, Nokialla, Nokiassa
Kunnat, Nousiainen, Nousiaisissa
Kunnat, Nurmes, Nurmeksessa
Kunnat, Nurmijärvi, Nurmijärvellä
Kunnat, Närpiö, Närpiössä
Kunnat, Orimattila, Orimattilassa
Kunnat, Oripää, Oripäässä
Kunnat, Orivesi, Orivedellä
Kunnat, Oulainen, Oulaisissa
Kunnat, Oulu, Oulussa
Kunnat, Outokumpu, Outokummussa
Kunnat, Padasjoki, Padasjoella
Kunnat, Paimio, Paimiossa
Kunnat, Paltamo, Paltamossa
Kunnat, Parainen, Paraisilla
Kunnat, Parikkala, Parikkalassa
Kunnat, Parkano, Parkanossa
Kunnat, Pedersören kunta, Pedersören kunnassa
Kunnat, Pelkosenniemi, Pelkosenniemellä
Kunnat, Pello, Pellossa
Kunnat, Perho, Perhossa
Kunnat, Pertunmaa, Pertunmaalla
Kunnat, Petäjävesi, Petäjävedellä
Kunnat, Pieksämäki, Pieksämäellä, Pieksämäessä
Kunnat, Pielavesi, Pielavedellä
Kunnat, Pietarsaari, Pietarsaaressa
Kunnat, Pihtipudas, Pihtiputaalla
Kunnat, Pirkkala, Pirkkalassa
Kunnat, Polvijärvi, Polvijärvellä
Kunnat, Pomarkku, Pomarkussa
Kunnat, Pori, Porissa
Kunnat, Pornainen, Pornaisissa
Kunnat, Porvoo, Porvoossa, Porvooseen
Kunnat, Posio, Posiolla
Kunnat, Pudasjärvi, Pudasjärvellä
Kunnat, Pukkila, Pukkilassa
Kunnat, Punkalaidun, Punkalaitumella
Kunnat, Puolanka, Puolangalla
Kunnat, Puumala, Puumalassa
Kunnat, Pyhtää, Pyhtäällä
Kunnat, Pyhäjoki, Pyhäjoella
Kunnat, Pyhäjärvi, Pyhäjärvellä
Kunnat, Pyhäntä, Pyhännällä
Kunnat, Pyhäranta, Pyhärannassa, Pyhässärannassa
Kunnat, Pälkäne, Pälkäneellä
Kunnat, Pöytyä, Pöytyällä
Kunnat, Raahe, Raahessa
Kunnat, Raasepori, Raaseporissa
Kunnat, Raisio, Raisiossa
Kunnat, Rantasalmi, Rantasalmella
Kunnat, Ranua, Ranualla
Kunnat, Rauma, Raumalla
Kunnat, Rautalampi, Rautalammilla, Rautalampia  
Kunnat, Rautavaara, Rautavaaralla
Kunnat, Rautjärvi, Rautjärvellä
Kunnat, Reisjärvi, Reisjärvellä
Kunnat, Riihimäki, Riihimäellä, Riihimäessä
Kunnat, Ristijärvi, Ristijärvellä
Kunnat, Rovaniemi, Rovaniemellä, Rovaniemessä
Kunnat, Ruokolahti, Ruokolahdella
Kunnat, Ruovesi, Ruovedellä
Kunnat, Rusko, Ruskolla
Kunnat, Rääkkylä, Rääkkylässä
Kunnat, Saarijärvi, Saarijärvellä
Kunnat, Salla, Sallassa
Kunnat, Salo, Salossa
Kunnat, Saltvik, Saltvikissa, Saltvikissä
Kunnat, Sastamala, Sastamalassa
Kunnat, Sauvo, Sauvossa
Kunnat, Savitaipale, Savitaipaleella
Kunnat, Savonlinna, Savonlinnassa
Kunnat, Savukoski, Savukoskella
Kunnat, Seinäjoki, Seinäjoella
Kunnat, Sievi, Sievissä
Kunnat, Siikainen, Siikaisissa
Kunnat, Siikajoki, Siikajoella
Kunnat, Siikalatva, Siikalatvalla
Kunnat, Siilinjärvi, Siilinjärvellä
Kunnat, Simo, Simossa
Kunnat, Sipoo, Sipoossa, Sipooseen
Kunnat, Siuntio, Siuntiossa
Kunnat, Sodankylä, Sodankylässä
Kunnat, Soini, Soinissa
Kunnat, Somero, Somerolla
Kunnat, Sonkajärvi, Sonkajärvellä
Kunnat, Sotkamo, Sotkamossa
Kunnat, Sottunga, Sottungassa
Kunnat, Sulkava, Sulkavalla
Kunnat, Sund, Sundissa
Kunnat, Suomussalmi, Suomussalmella
Kunnat, Suonenjoki, Suonenjoella
Kunnat, Sysmä, Sysmässä
Kunnat, Säkylä, Säkylässä
Kunnat, Taipalsaari, Taipalsaarella
Kunnat, Taivalkoski, Taivalkoskella
Kunnat, Taivassalo, Taivassalossa
Kunnat, Tammela, Tammelassa
Kunnat, Tampere, Tampereella
Kunnat, Tervo, Tervossa
Kunnat, Tervola, Tervolassa
Kunnat, Teuva, Teuvalla
Kunnat, Tohmajärvi, Tohmajärvellä
Kunnat, Toholampi, Toholammilla, Toholampia  
Kunnat, Toivakka, Toivakassa
Kunnat, Tornio, Torniossa
Kunnat, Turku, Turussa
Kunnat, Tuusniemi, Tuusniemellä
Kunnat, Tuusula, Tuusulassa
Kunnat, Tyrnävä, Tyrnävällä
Kunnat, Ulvila, Ulvilassa
Kunnat, Urjala, Urjalassa
Kunnat, Utajärvi, Utajärvellä
Kunnat, Utsjoki, Utsjoella
Kunnat, Uurainen, Uuraisilla
Kunnat, Uusikaarlepyy, Uudessakaarlepyyssä, Uuteenkaarlepyyhyn
Kunnat, Uusikaupunki, Uudessakaupungissa
Kunnat, Vaala, Vaalassa
Kunnat, Vaasa, Vaasassa
Kunnat, Valkeakoski, Valkeakoskella
Kunnat, Valtimo, Valtimolla
Kunnat, Vantaa, Vantaalla
Kunnat, Varkaus, Varkaudessa, Varkautta  
Kunnat, Vehmaa, Vehmaalla
Kunnat, Vesanto, Vesannolla
Kunnat, Vesilahti, Vesilahdessa, Vesilahdella
Kunnat, Veteli, Vetelissä
Kunnat, Vieremä, Vieremällä
Kunnat, Vihti, Vihdissä
Kunnat, Viitasaari, Viitasaarella
Kunnat, Vimpeli, Vimpelissä
Kunnat, Virolahti, Virolahdella, Virolahdessa
Kunnat, Virrat, Virroilla, Virtain  , Virtoja  , Virtaita
Kunnat, Vårdö, Vårdössä, Vårdöhön
Kunnat, Vöyri, Vöyrillä
Kunnat, Ylitornio, Ylitorniolla
Kunnat, Ylivieska, Ylivieskassa
Kunnat, Ylöjärvi, Ylöjärvellä
Kunnat, Ypäjä, Ypäjällä
Kunnat, Ähtäri, Ähtärissä
Kunnat, Äänekoski, Äänekoskella